i,value,broadcast_ms,txhash,code,height,gasWanted,gasUsed,timestamp,error
1,pi-exp-1769826593417-1,3936.571,F3980D394845D1A54356312412501618AE387563D5D80934B7EBAC760B33A3A5,0,111316020,1200000,156643,2026-01-31T02:29:55Z,
2,pi-exp-1769826617359-2,3444.106,1D20C83CABB9BE1BDA4FB0043EA2E4E4C7604F80F9ED3E92EBB01EE8062467CF,0,111316058,1200000,156643,2026-01-31T02:30:18Z,
3,pi-exp-1769826640806-3,3092.343,7DC98651399DC674C0FDC22D09FE279CF24C5156FFF14B9F8DF56456EA82827F,0,111316096,1200000,156643,2026-01-31T02:30:42Z,
4,pi-exp-1769826663916-4,3450.561,F84B5D5A1EFC63303D42E37B580B45C4BD4BA4F259886E13E2F2DF8EA6A3BC2A,0,111316134,1200000,156643,2026-01-31T02:31:05Z,
5,pi-exp-1769826687370-5,3206.053,45F6B43F2DCB0CE6157270E07A5836F84798FAF5A612A333B6D776DD367127BF,0,111316172,1200000,156643,2026-01-31T02:31:28Z,
6,pi-exp-1769826710594-6,3234.504,EAC9DF0CDAA7E1D3308EA80C5664DD07A860EFE849E22E814916916A9579E201,0,111316210,1200000,156643,2026-01-31T02:31:52Z,
7,pi-exp-1769826733836-7,2998.714,B00D26DA3B889C64350DCA4656C4AE55065442BD8AC25ED56470A652FC78C4F3,0,111316247,1200000,156643,2026-01-31T02:32:15Z,
8,pi-exp-1769826756852-8,3231.043,EAC1045FB899EB22B174693D4F0767829FC6016315D57EAAA374197EC7553A5F,0,111316285,1200000,156643,2026-01-31T02:32:38Z,
9,pi-exp-1769826780101-9,3185.205,CE876E272825B59F2269AE08B3B45FD42B8F885DCD95B1717AB5BB0AECEADE82,0,111316323,1200000,156643,2026-01-31T02:33:01Z,
10,pi-exp-1769826803304-10,3040.043,6879CB94BEF32E52E3169F9F4FF702EF011B4326C865185143DD9693CEDC7F46,0,111316360,1200000,156693,2026-01-31T02:33:24Z,
11,pi-exp-1769826826346-11,3296.380,E66A0542B5F421E5AAE5830E6DE04D1C81DA1431689D4F68BD56A96A51AB7E8C,0,111316398,1200000,156693,2026-01-31T02:33:48Z,
12,pi-exp-1769826849659-12,3355.350,C78469B95168B2EF9DD087931E575C4388F3CBB4CAFF6F2A1F426CA0270CB2C7,0,111316436,1200000,156693,2026-01-31T02:34:11Z,
13,pi-exp-1769826873028-13,3011.979,14755B5D3724CE93801496E648849D3B938B317B2CED7307A447D957391D272E,0,111316473,1200000,156693,2026-01-31T02:34:34Z,
14,pi-exp-1769826896059-14,3166.260,98F81FD5822B82022DA9A33C766E185AFBF5728D2335FAEB29710AE24635E51B,0,111316511,1200000,156693,2026-01-31T02:34:57Z,
15,pi-exp-1769826919239-15,3221.216,90BD8BB20924D47CCA374925802CB458DF5244E7EAFC8B60ACF1DFAC81C498BD,0,111316548,1200000,156693,2026-01-31T02:35:20Z,
16,pi-exp-1769826942477-16,2989.430,E06E66EB0A162278A0D617069B05125F0010948304C9B5387D1707DC60C365A2,0,111316586,1200000,156693,2026-01-31T02:35:43Z,
17,pi-exp-1769826965469-17,3147.881,E29DA6CE385229A7588C1CA81065C125C124DCEF7AFC5428A10CD216D63D0A8C,0,111316624,1200000,156693,2026-01-31T02:36:07Z,
18,pi-exp-1769826988634-18,3014.159,EB6D218D6BB2273D57D77E7BFD151EADCA54E196701DBD1A21B04717A31EFB3C,0,111316661,1200000,156693,2026-01-31T02:36:30Z,
19,pi-exp-1769827011659-19,3290.480,43370C8124634BF5585671357C93EB6C93CBBDF56A646520A75F708379AA5C0D,0,111316699,1200000,156693,2026-01-31T02:36:53Z,
20,pi-exp-1769827034959-20,3094.439,9D37200A673D2BC17175E97CD0A7335299018F3C7C5F426033E2CC9EBAF2B2CF,0,111316736,1200000,156693,2026-01-31T02:37:16Z,
21,pi-exp-1769827058070-21,3081.734,1E2108143F9ED6429DAF7694B10FA0A7116554D0CC36E417F52ADAA609C83544,0,111316774,1200000,156693,2026-01-31T02:37:39Z,
22,pi-exp-1769827081168-22,2995.707,98CCFAC63FD6CDE558D316F9CDEF4E700F458912D1BBA89D89155B1F89A2EEF6,0,111316812,1200000,156693,2026-01-31T02:38:02Z,
23,pi-exp-1769827104180-23,3030.993,BE2CAFEF370EB5EB37137F809FA29D96B42A9878DBBC9BD3AD8C473B12D0975A,0,111316849,1200000,156693,2026-01-31T02:38:25Z,
24,pi-exp-1769827127228-24,3059.137,41451DC4E8F2823BD911C96142965F1B7244AF681178D8CC965EF97BFB651396,0,111316887,1200000,156693,2026-01-31T02:38:48Z,
25,pi-exp-1769827150299-25,3236.306,C3A009ADE5D0DF0B082BD9AA6FD0BB081DB09797141988715EC5DDD386B3D424,0,111316924,1200000,156693,2026-01-31T02:39:11Z,
26,pi-exp-1769827173553-26,3200.021,FFCF35B3551D444494AE5DD88122AE41337276D26797FA91568C1734740FAADA,0,111316963,1200000,156693,2026-01-31T02:39:35Z,
27,pi-exp-1769827196759-27,3147.650,85AF6A5B24A8CC33E00AE7ED92E1003ACA5E82D2122CC0EC34B183935C8487EA,0,111317000,1200000,156693,2026-01-31T02:39:57Z,
28,pi-exp-1769827219924-28,3122.520,2D9E5CF01CEBE84482650C2A8C7B476347032D4E1DDD39A9B624459EEDF56827,0,111317038,1200000,156693,2026-01-31T02:40:21Z,
29,pi-exp-1769827243063-29,3341.734,1AF03A60C0B93DF31D5FE09FF1077666024A31B612CE94AED8CD2C0D06A027D0,0,111317076,1200000,156693,2026-01-31T02:40:44Z,
30,pi-exp-1769827266422-30,3427.285,6FFED8749A1EE814EC6EC8AC58E6169CA1461EEB00F4C28564CD9D4819AE5FB1,0,111317114,1200000,156693,2026-01-31T02:41:08Z,
31,pi-exp-1769827289865-31,3049.464,99A9363E91A66BE9B00FC68EEE5EA84685AC6F71F83ACE09046C7899BC447C05,0,111317151,1200000,156693,2026-01-31T02:41:31Z,
32,pi-exp-1769827312931-32,3399.363,9D0509367788562811E82D987E478AEECC25C34F9968853EAA95108290118CDD,0,111317189,1200000,156693,2026-01-31T02:41:54Z,
33,pi-exp-1769827336347-33,2960.226,74DA9CF2B5661405D1181B0C3006BF0EE821D66E6D13CEE18B6C2224F762B7ED,0,111317227,1200000,156693,2026-01-31T02:42:17Z,
34,pi-exp-1769827359324-34,3179.650,78900BC6AFF2B372E4DE8F37E61409BBAD2F6D0C76EBAABCEF10F0857EE4BD60,0,111317264,1200000,156693,2026-01-31T02:42:40Z,
35,pi-exp-1769827382506-35,2971.949,593BE4862AA64C23E0E995A53121C90F85A04002CBA248931F0733A0B7077A24,0,111317302,1200000,156693,2026-01-31T02:43:04Z,
36,pi-exp-1769827405479-36,3134.875,735DFD61DD871A486BE56F6581956837C70CC9A58213FABF407C59DDD726A57B,0,111317339,1200000,156693,2026-01-31T02:43:26Z,
37,pi-exp-1769827428616-37,2897.520,B3BF06482F6A5D3BF504999FAD67B873DAC724C3A79BE10DCBD7D6A0191D0507,0,111317376,1200000,156693,2026-01-31T02:43:49Z,
38,pi-exp-1769827451530-38,3156.734,D9BE3C0FAB9DB8E2E7B66B145A50BA4390A274E226C1A0EA4FE94DCC916F646A,0,111317414,1200000,156693,2026-01-31T02:44:13Z,
39,pi-exp-1769827474700-39,3073.634,314A9539A83A21625C951BA9ABB72D62AFF22F03FCF2449F91F61A84301D02FC,0,111317451,1200000,156693,2026-01-31T02:44:35Z,
40,pi-exp-1769827497790-40,3147.815,D4E6FA650F2F66B6DE0A93E296ACAE24D895CF88FD8C8B0A33E1DE717B69363E,0,111317489,1200000,156693,2026-01-31T02:44:59Z,
41,pi-exp-1769827520955-41,3581.777,F0E747D6B8F4C052BC7E099CD7D9F4117726ACC649EF32B07AB88778BC87AF4E,0,111317527,1200000,156693,2026-01-31T02:45:22Z,
42,pi-exp-1769827544552-42,4952.658,70FFAC5320717DF1919807545A637C028E7331638A65AF7A017270AB1E1E6629,0,111317565,1200000,156693,2026-01-31T02:45:46Z,
43,pi-exp-1769827569512-43,3067.130,797B1D53D90F46F9DC09823FD60622D0D842C6B91A32EC464CB3D2B791DEFD6C,0,111317605,1200000,156693,2026-01-31T02:46:10Z,
44,pi-exp-1769827592596-44,3337.962,FD3DEA448E05791465189DB626070A63815C28F20ED780447325CB94EA3E32F0,0,111317643,1200000,156693,2026-01-31T02:46:34Z,
45,pi-exp-1769827615936-45,3206.224,844D3D1CF8B2D3CF037F1B76B214DACE543A4E17374723C200C32ACD6DCC0EC2,0,111317681,1200000,156693,2026-01-31T02:46:57Z,
46,pi-exp-1769827639143-46,3262.238,8B191658FC408BA709F8703019347DD35D5A721E4D9A37F81AE89F6847BC9CB9,0,111317719,1200000,156693,2026-01-31T02:47:20Z,
47,pi-exp-1769827662407-47,3454.676,0BE10785463CE33FB0D032325A7F3D513C87967BD40DCC380D1E537EF7ECF619,0,111317757,1200000,156693,2026-01-31T02:47:44Z,
48,pi-exp-1769827685878-48,3109.222,9D895D8D6E8EDD46C91738E3B8D20F90175C4C1824737280F3E5669E8F998782,0,111317795,1200000,156693,2026-01-31T02:48:07Z,
49,pi-exp-1769827708999-49,3035.143,33DAE348A34DBF1B353562C41380A8A5A08F40AADAD353D3CAC3A0900AEB2746,0,111317832,1200000,156693,2026-01-31T02:48:30Z,
50,pi-exp-1769827732051-50,3244.400,E4597AC1C062598D02B76FCFFF55A4B39397EAA81B7373496396FBC07F4B08EE,0,111317869,1200000,156693,2026-01-31T02:48:53Z,
51,pi-exp-1769827755312-51,3169.362,48AB5D8C3ED28AD0F72E5854301AC84CBA6526DEAD81A3AE3C703A811F255B2F,0,111317907,1200000,156693,2026-01-31T02:49:16Z,
52,pi-exp-1769827778498-52,3191.252,BB094204FA6F11CA28893F84C5B0FD09C8E9EDE19FECBF13A7BB16A515249F28,0,111317945,1200000,156693,2026-01-31T02:49:39Z,
53,pi-exp-1769827801690-53,2907.218,BF8CF7C49828ACDC67C427729EAB91B45503BB6D909FE58E1BDF4799A971BAAF,0,111317983,1200000,156693,2026-01-31T02:50:03Z,
54,pi-exp-1769827824598-54,3104.064,C09EEEF0959A2E51529B3EAE99719377F9B524D3F7356AA3999DF59DE38C8ACA,0,111318020,1200000,156693,2026-01-31T02:50:25Z,
55,pi-exp-1769827847716-55,3206.447,79C4D82EF55CD8265DED27119A90DD05561DE4A3BF2BF3C603FDCDBE7CEF2365,0,111318058,1200000,156693,2026-01-31T02:50:49Z,
56,pi-exp-1769827870939-56,2934.348,97BA05C50E6FD3051341E1BC5A31E413FF2AB8901BDC852C06D47CF7FF5F67D3,0,111318095,1200000,156693,2026-01-31T02:51:12Z,
57,pi-exp-1769827893890-57,3206.526,2BC0CE0B2D49AB9D1EA5DDFC51AB33DC07528ACDEBE18B2D366345EE10C5E64F,0,111318133,1200000,156693,2026-01-31T02:51:35Z,
58,pi-exp-1769827917108-58,3137.891,556ABD4F0DC3E99C66D15A9CDDE159AEDCBDFF79DAFBFE47BF7151698D9FB148,0,111318171,1200000,156693,2026-01-31T02:51:58Z,
59,pi-exp-1769827940260-59,3055.898,B6A03FE13BDE0DF5BFA57C4532847F80B080E854786A1F84A0D7E36DBF647705,0,111318208,1200000,156693,2026-01-31T02:52:21Z,
60,pi-exp-1769827963318-60,3072.793,E8D5A21C278DB82EC70AAEA8F605387506AD7273C01C30546225822058A38349,0,111318246,1200000,156693,2026-01-31T02:52:44Z,
61,pi-exp-1769827986399-61,2933.263,F3A41FC718F9FC5C00B68515682992E8B28983AF2AF964E5D0112B8F9FED4A46,0,111318283,1200000,156693,2026-01-31T02:53:07Z,
62,pi-exp-1769828009339-62,2866.595,391C8CBA3A02FF329AA60C6049FABEF7D406CE603D1B7D8A8B1B0E3AC55AE039,0,111318320,1200000,156693,2026-01-31T02:53:30Z,
63,pi-exp-1769828032222-63,3353.503,ACE7CF010FD1B045C6F766B7B121980473448AFEB49E6348FC5226DD53B1F2C9,0,111318358,1200000,156693,2026-01-31T02:53:53Z,
64,pi-exp-1769828055593-64,3495.489,9A17E5BBB3AA0A1F9DDDDB760BCA93A2BB174FC90B8E1B910F6F276F13EA003F,0,111318396,1200000,156693,2026-01-31T02:54:17Z,
65,pi-exp-1769828079090-65,3530.852,A489A3AE23A92F0D0451775B7F22A2A2EF41C9D7EC10842624D5869D51A098B5,0,111318435,1200000,156693,2026-01-31T02:54:41Z,
66,pi-exp-1769828102621-66,3353.464,EA6212A139C889EB0670FC3AB6940CF63D3A4C05D6FC8B78D903D7D2F98237ED,0,111318472,1200000,156693,2026-01-31T02:55:03Z,
67,pi-exp-1769828125979-67,3135.477,69A6599FDAF52644888B34B797AAC79A0C78DB2C757683EB441DEBDDE32DD65B,0,111318510,1200000,156693,2026-01-31T02:55:27Z,
68,pi-exp-1769828149131-68,3054.731,0315A9352E40C952389E44EB0C2371AB2A3D7A0B4BE61A26FBEF93A0347F10DC,0,111318548,1200000,156693,2026-01-31T02:55:50Z,
69,pi-exp-1769828172202-69,3170.998,0F9538842A6BEC3F2AF1305BF9F30C23DCD7951523217F1F003C128B7ECDF9BF,0,111318585,1200000,156693,2026-01-31T02:56:13Z,
70,pi-exp-1769828195390-70,3017.115,9E6BAF745E45C26EDC59F74555D04DE4482AABB9E3BD932E9C997DA2F28BAF7A,0,111318623,1200000,156693,2026-01-31T02:56:36Z,
71,pi-exp-1769828218419-71,3102.528,9D774501CA2E4395C8957BB10B6AECCD8026297D44E56A45AB095095D770D189,0,111318660,1200000,156693,2026-01-31T02:56:59Z,
72,pi-exp-1769828241522-72,3043.773,C89BC18582BCA2F5A96463DC5BD27BAE7CA231C9E8157FDB82D7BCBE87D251EF,0,111318698,1200000,156693,2026-01-31T02:57:23Z,
73,pi-exp-1769828264579-73,3070.799,FB82086B367E2E39EBFA3241B859E10CBD8BDAE6760E2F48B6FBA5E2EAA8E438,0,111318735,1200000,156693,2026-01-31T02:57:45Z,
74,pi-exp-1769828287666-74,3179.961,2A9F1516F8A9C8BE8CE78B7970AC09C0ACC02152F6623D7A6CEFEE818C57D06A,0,111318773,1200000,156693,2026-01-31T02:58:09Z,
75,pi-exp-1769828310859-75,3201.291,171B0703843BBBEE49D5C9F9490DAC548D8E1DCDCECCC3B989DE99AC521F9F08,0,111318811,1200000,156693,2026-01-31T02:58:32Z,
76,pi-exp-1769828334077-76,3244.501,2B57ECFDFB4457759705F9F58D95BF4DDBD23F5506ABC04FF43691594B2F7E94,0,111318848,1200000,156693,2026-01-31T02:58:55Z,
77,pi-exp-1769828357339-77,3044.383,DC734DEAE9B49F4A9C3F8C1B38F53DD1D4D58E85EC0E561E5E10D0C4364307B2,0,111318886,1200000,156693,2026-01-31T02:59:18Z,
78,pi-exp-1769828380400-78,3285.768,09F6A77DB2A8FAD34C35EC81CA497A65F00403E5763351019A5762C24BAD8D2C,0,111318924,1200000,156693,2026-01-31T02:59:42Z,
79,pi-exp-1769828403703-79,3104.280,13372F0C233283153CC3B8CB5E9EC4763D4A1CDFBD36C3B982A85B47D98C48CF,0,111318962,1200000,156693,2026-01-31T03:00:05Z,
80,pi-exp-1769828426824-80,3226.128,96AC173839B6A2ECE4C5FDF8DF85E713E8390E5A2F8BE22B9A2AB79AFD3FBF37,0,111319000,1200000,156693,2026-01-31T03:00:28Z,
81,pi-exp-1769828450059-81,3672.412,27AC4E9BA667C58F4D3350CC5F17437EFB3588B050357FF13FC1A600B1959C5D,0,111319038,1200000,156693,2026-01-31T03:00:52Z,
82,pi-exp-1769828473732-82,3192.692,63DDF1E4D708298CE1ED816B18529548C1478149D4781AA723EE5F0D38C25CC4,0,111319075,1200000,156693,2026-01-31T03:01:14Z,
83,pi-exp-1769828496932-83,3574.662,1D98B5F7D52486D42CAA6EAB8A41ADCC0AA15F411A05FBBD05080DC23B1A6519,0,111319114,1200000,156693,2026-01-31T03:01:38Z,
84,pi-exp-1769828520519-84,3348.103,2B3EFF78D4214EEBD79F03C7B1411866BF1558C3DBFECF015210C1D958EB3DA1,0,111319152,1200000,156693,2026-01-31T03:02:02Z,
85,pi-exp-1769828543884-85,2858.440,2772647958F998B038E966D85786EAEBE8C969C4C31A3759459297A55438ADD1,0,111319189,1200000,156693,2026-01-31T03:02:25Z,
86,pi-exp-1769828566744-86,3174.263,C5328CE624E9CF6314EF0649E4D04BD7C67A0DE886675CA80CE20C6FF3B7162C,0,111319227,1200000,156693,2026-01-31T03:02:48Z,
87,pi-exp-1769828589919-87,2984.916,8788A76A2219E2C6B9A13E0D9AF12EFA79312300010356B33EAE179615CFA20C,0,111319264,1200000,156693,2026-01-31T03:03:11Z,
88,pi-exp-1769828612921-88,3247.713,35A1565ECDC47EE8B21F9B7AC5833B20B58B40E1E6946969D87F5287DB599BBC,0,111319302,1200000,156693,2026-01-31T03:03:34Z,
89,pi-exp-1769828636183-89,3040.983,C885C5E757A5483B841CDEFDCA5D241708F2720F40B0F67E6B18DE2D88C3509B,0,111319340,1200000,156693,2026-01-31T03:03:57Z,
90,pi-exp-1769828659228-90,3410.667,F8F230EE719471F5A2D5A6349EE9AE242DA644F5C9AF9D1D8A3FCB364D6FE26A,0,111319378,1200000,156693,2026-01-31T03:04:21Z,
91,pi-exp-1769828682655-91,3222.799,C2E9D6CAC897E191B27017A29BD6D0FA662B2A47CB2E8EC5ACAD2E052A16CC77,0,111319415,1200000,156693,2026-01-31T03:04:44Z,
92,pi-exp-1769828705889-92,3169.217,3B13BDB356CFEBEF854B46DB05CD5716AD7A97D538C06449E01D4CB6477FB153,0,111319453,1200000,156693,2026-01-31T03:05:07Z,
93,pi-exp-1769828729075-93,3327.332,97D575F5F795339CE5939729649A27B928DBE46F00D25A3D235132F0666B6731,0,111319490,1200000,156693,2026-01-31T03:05:30Z,
94,pi-exp-1769828752419-94,2915.075,5F4B3EA3E8F10FD91C6179146A7F656DCA256A39311DBF25783D191F245B08D5,0,111319528,1200000,156693,2026-01-31T03:05:53Z,
95,pi-exp-1769828775351-95,3347.585,6ECDEB9630934B34834268CD164A0CE407EB7E120D3AF3C2444ED55CEE03D029,0,111319566,1200000,156693,2026-01-31T03:06:16Z,
96,pi-exp-1769828798715-96,3164.792,495CED2AFB42E3A442B5EA32CB91E3AB012FF08859C5F015179EBD3070F90248,0,111319604,1200000,156693,2026-01-31T03:06:40Z,
97,pi-exp-1769828821881-97,2976.411,1656813CD95487C6B38503FFE4C681B9EC6D76DF7599C9F15F301AF956FC209E,0,111319641,1200000,156693,2026-01-31T03:07:03Z,
98,pi-exp-1769828844859-98,3166.497,DD383C078446CDC1FF2E80CC83F830E7F25BE0C1361CB03A77976B6E495BF9B7,0,111319679,1200000,156693,2026-01-31T03:07:26Z,
99,pi-exp-1769828868044-99,3256.326,0A1A45EB3B1B60FBFA909EDE10232EE1AB4F729129F4BBC16A48D4F31C9DEE45,0,111319716,1200000,156693,2026-01-31T03:07:49Z,
100,pi-exp-1769828891301-100,3160.409,68FE5FEBEF38EB8B22DB5684707479CCF08B645142672FCE70E1FE1B11B4EBFC,0,111319754,1200000,156743,2026-01-31T03:08:12Z,
